Player,Tm,Pos,id
Tyreek Hill,MIA,WR,HillTy00
Stefon Diggs,BUF,WR,DiggSt00
Justin Jefferson,MIN,WR,JeffJu00
Austin Ekeler,LAC,RB,EkelAu00
Cooper Kupp,LAR,WR,KuppCo00
Michael Pittman Jr.,IND,WR,PittMi01
Travis Kelce,KAN,TE,KelcTr00
Davante Adams,LVR,WR,AdamDa01
Amon-Ra St. Brown,DET,WR,StxxAm00
CeeDee Lamb,DAL,WR,LambCe00
Chris Godwin,TAM,WR,GodwCh00
D.K. Metcalf,SEA,WR,MetcDK00
Zay Jones,JAX,WR,JoneZa00
Christian McCaffrey,2TM,RB,McCaCh01
Amari Cooper,CLE,WR,CoopAm00
Tee Higgins,CIN,WR,HiggTe00
Tyler Lockett,SEA,WR,LockTy00
Diontae Johnson,PIT,WR,JohnDi01
Christian Kirk,JAX,WR,KirkCh01
Chris Olave,NOR,WR,OlavCh00
DeVonta Smith,PHI,WR,SmitDe07
Jaylen Waddle,MIA,WR,WaddJa00
Terry McLaurin,WAS,WR,McLaTe00
Adam Thielen,MIN,WR,ThieAd00
A.J. Brown,PHI,WR,BrowAJ00
Mark Andrews,BAL,TE,AndrMa00
T.J. Hockenson,2TM,TE,HockTJ00
Courtland Sutton,DEN,WR,SuttCo00
Brandon Aiyuk,SFO,WR,AiyuBr00
Mike Evans,TAM,WR,EvanMi00
Josh Palmer,LAC,WR,PalmJo00
Rhamondre Stevenson,NWE,RB,StevRh00
Marquise Brown,ARI,WR,BrowMa04
DeAndre Hopkins,ARI,WR,HopkDe00
Alvin Kamara,NOR,RB,KamaAl00
JuJu Smith-Schuster,KAN,WR,SmitJu00
Garrett Wilson,NYJ,WR,WilsGa00
Tyler Higbee,LAR,TE,HigbTy00
Curtis Samuel,WAS,WR,SamuCu00
Ja'Marr Chase,CIN,WR,ChasJa00
Zach Ertz,ARI,TE,ErtzZa00
Pat Freiermuth,PIT,TE,FreiPa00
Jakobi Meyers,NWE,WR,MeyeJa01
Parris Campbell,IND,WR,CampPa00
Hayden Hurst,CIN,TE,HursHa00
D.J. Moore,CAR,WR,MoorD.00
Brandin Cooks,HOU,WR,CookBr00
Deebo Samuel,SFO,WR,SamuDe00
Robert Tonyan,GNB,TE,TonyRo00
Leonard Fournette,TAM,RB,FourLe00
Dallas Goedert,PHI,TE,GoedDa00
Aaron Jones,GNB,RB,JoneAa00
Donovan Peoples-Jones,CLE,WR,PeopDo00
Tyler Boyd,CIN,WR,BoydTy00
Drake London,ATL,WR,LondDr00
Joe Mixon,CIN,RB,MixoJo00
Rondale Moore,ARI,WR,MoorRo02
David Njoku,CLE,TE,NjokDa00
Antonio Gibson,WAS,RB,GibsAn00
Mack Hollins,LVR,WR,HollMa00
Josh Jacobs,LVR,RB,JacoJo01
Allen Lazard,GNB,WR,LazaAl00
Darnell Mooney,CHI,WR,MoonDa00
Chase Claypool,2TM,WR,ClayCh01
DeAndre Carter,LAC,WR,CartDe02
Tyler Conklin,NYJ,TE,ConkTy00
Gerald Everett,LAC,TE,EverGe00
Mike Williams,LAC,WR,WillMi07
Evan Engram,JAX,TE,EngrEv00
George Kittle,SFO,TE,KittGe00
George Pickens,PIT,WR,PickGe00
Saquon Barkley,NYG,RB,BarkSa00
Nico Collins,HOU,WR,CollNi00
Greg Dortch,ARI,WR,DortGr01
Gabriel Davis,BUF,WR,DaviGa01
Noah Fant,SEA,TE,FantNo00
Dawson Knox,BUF,TE,KnoxDa00
Allen Robinson,LAR,WR,RobiAl02
Dalton Schultz,DAL,TE,SchuDa00
Robert Woods,TEN,WR,WoodRo02
Romeo Doubs,GNB,WR,DoubRo00
Juwan Johnson,NOR,TE,JohnJu02
Marvin Jones,JAX,WR,JoneMa02
Devin Singletary,BUF,RB,SingDe00
Marquez Valdes-Scantling,KAN,WR,ValdMa00
Jerry Jeudy,DEN,WR,JeudJe00
Isaiah McKenzie,BUF,WR,McKeIs00
Kalif Raymond,DET,WR,RaymKa00
Olamide Zaccheaus,ATL,WR,ZaccOl01
Devin Duvernay,BAL,WR,DuveDe00
Russell Gage,TAM,WR,GageRu00
Najee Harris,PIT,RB,HarrNa00
Cole Kmet,CHI,TE,KmetCo00
Jerick McKinnon,KAN,RB,McKiJe00
Ben Skowronek,LAR,WR,SkowBe00
Rachaad White,TAM,RB,WhitRa01
Noah Brown,DAL,WR,BrowNo00
Rex Burkhead,HOU,RB,BurkRe00
Michael Carter,NYJ,RB,CartMi03
Will Dissly,SEA,TE,DissWi00
Richie James,NYG,WR,JameRi00
K.J. Osborn,MIN,WR,OsboKJ00
Alec Pierce,IND,WR,PierAl00
Kyle Pitts,ATL,TE,PittKy00
James Conner,ARI,RB,ConnJa00
J.D. McKissic,WAS,RB,McKiJ.00
Dameon Pierce,HOU,RB,PierDa01
Darius Slayton,NYG,WR,SlayDa01
Randall Cobb,GNB,WR,CobbRa00
Dalvin Cook,MIN,RB,CookDa01
Nyheim Hines,2TM,RB,HineNy00
Cade Otton,TAM,TE,OttoCa00
Samaje Perine,CIN,RB,PeriSa00
Josh Reynolds,DET,WR,ReynJo00
Demarcus Robinson,BAL,WR,RobiDe01
Melvin Gordon,DEN,RB,GordMe00
Kylen Granson,IND,TE,GranKy00
Mecole Hardman,KAN,WR,HardMe00
Eno Benjamin,ARI,RB,BenjEn00
Treylon Burks,TEN,WR,BurkTr00
Michael Gallup,DAL,WR,GallMi00
Mike Gesicki,MIA,TE,GesiMi00
Austin Hooper,TEN,TE,HoopAu00
Jauan Jennings,SFO,WR,JennJa00
Chris Moore,HOU,WR,MoorCh00
Foster Moreau,LVR,TE,MoreFo00
Trent Sherfield,MIA,WR,SherTr00
D'Andre Swift,DET,RB,SwifDA00
Jonathan Taylor,IND,RB,TaylJo02
Nelson Agholor,NWE,WR,AghoNe00
Harrison Bryant,CLE,TE,BryaHa00
Hunter Henry,NWE,TE,HenrHu00
Kareem Hunt,CLE,RB,HuntKa00
Jarvis Landry,NOR,WR,LandJa00
Tony Pollard,DAL,RB,PollTo00
Wan'Dale Robinson,NYG,WR,RobiWa01
Travis Etienne,JAX,RB,EtieTr00
Irv Smith Jr.,MIN,TE,SmitIr01
Christian Watson,GNB,WR,WatsCh00
Jordan Akins,HOU,TE,AkinJo00
Derrick Henry,TEN,RB,HenrDe00
Scott Miller,TAM,WR,MillSc01
David Montgomery,CHI,RB,MontDa01
DeVante Parker,NWE,WR,ParkDe01
Hunter Renfrow,LVR,WR,RenfHu00
Logan Thomas,WAS,TE,ThomLo00
David Bell,CLE,WR,BellDa02
Corey Davis,NYJ,WR,DaviCo03
AJ Dillon,GNB,RB,DillAJ00
Deon Jackson,IND,RB,JackDe02
Elijah Moore,NYJ,WR,MoorEl00
Jonnu Smith,NWE,TE,SmitJo01
Greg Dulcich,DEN,TE,DulcGr00
Marquise Goodwin,SEA,WR,GoodMa00
Breece Hall,NYJ,RB,HallBr03
Dontrell Hilliard,TEN,RB,HillDo00
Kenneth Walker III,SEA,RB,WalkKe00
Ameer Abdullah,LVR,RB,AbduAm00
Kendrick Bourne,NWE,WR,BourKe00
Noah Gray,KAN,TE,GrayNo00
A.J. Green,ARI,WR,GreeA.00
Kendall Hinton,DEN,WR,HintKe00
Isaiah Likely,BAL,TE,LikeIs00
Terrace Marshall Jr.,CAR,WR,MarsTe00
Tre'Quan Smith,NOR,WR,SmitTr03
Nick Westbrook-Ikhine,TEN,WR,WestNi00
Nick Chubb,CLE,RB,ChubNi00
Clyde Edwards-Helaire,KAN,RB,EdwaCl00
Darrell Henderson,LAR,RB,HendDa00
Skyy Moore,KAN,WR,MoorSk01
Raheem Mostert,MIA,RB,MostRa00
Laviska Shenault Jr.,CAR,WR,ShenLa00
Ian Thomas,CAR,TE,ThomIa00
Quez Watkins,PHI,WR,WatkQu00
Mo Alie-Cox,IND,TE,AlieMo00
Keenan Allen,LAC,WR,AlleKe00
Daniel Bellinger,NYG,TE,BellDa00
Cameron Brate,TAM,TE,BratCa00
Marquez Callaway,NOR,WR,CallMa01
Johnny Mundt,MIN,TE,MundJo00
Michael Thomas,NOR,WR,ThomMi05
Darren Waller,LVR,TE,WallDa01
Jaylen Warren,PIT,RB,WarrJa01
Javonte Williams,DEN,RB,WillJa10
Jeff Wilson,2TM,RB,WilsJe01
Jamal Agnew,JAX,WR,AgneJa00
Robbie Anderson,2TM,WR,AndeRo04
Rashod Bateman,BAL,WR,BateRa00
Zach Gentry,PIT,TE,GentZa00
Miles Sanders,PHI,RB,SandMi01
Jelani Woods,IND,TE,WoodJe01
John Bates,WAS,TE,BateJo00
Jahan Dotson,WAS,WR,DotsJa00
Jake Ferguson,DAL,TE,FergJa00
Julio Jones,TAM,WR,JoneJu02
Brandon Powell,LAR,WR,PoweBr00
Shi Smith,CAR,WR,SmitSh03
Equanimeous St. Brown,CHI,WR,St.BEq00
Adam Trautman,NOR,TE,TrauAd00
Braxton Berrios,NYJ,WR,BerrBr00
Damien Harris,NWE,RB,HarrDa06
Kyle Juszczyk,SFO,FB,JuszKy00
Latavius Murray,2TM,RB,MurrLa00
Colby Parkinson,SEA,TE,ParkCo02
Dante Pettis,CHI,WR,PettDa00
Sterling Shepard,NYG,WR,ShepSt00
C.J. Uzomah,NYJ,TE,UzomC.00
Sammy Watkins,GNB,WR,WatkSa00
Ashton Dulin,IND,WR,DuliAs00
Jamycal Hasty,JAX,RB,HastJa02
KhaDarel Hodge,ATL,WR,HodgKh00
Isaiah Hodgins,2TM,WR,HodgIs00
Justin Watson,KAN,WR,WatsJu01
Pharaoh Brown,2TM,TE,BrowPh01
Josiah Deguara,GNB,TE,DeguJo00
Kenyan Drake,BAL,RB,DrakKe00
Chase Edmonds,2TM,RB,EdmoCh00
Alec Ingold,MIA,FB,IngoAl01
Mark Ingram,NOR,RB,IngrMa01
Alexander Mattison,MIN,RB,MattAl01
Ray-Ray McCloud,SFO,WR,McClRa00
Chigoziem Okonkwo,TEN,TE,OkonCh00
Josh Oliver,BAL,TE,OlivJo00
Zach Pascal,PHI,WR,PascZa00
Cordarrelle Patterson,ATL,RB,PattCo00
James Robinson,2TM,RB,RobiJa00
David Sills,NYG,WR,SillDa01
Tommy Tremble,CAR,TE,TremTo00
Brock Wright,DET,TE,WrigBr01
Tyler Allgeier,ATL,RB,AllgTy00
Phillip Dorsett,HOU,WR,DorsPh00
Kenneth Gainwell,PHI,RB,GainKe00
Peyton Hendershot,DAL,TE,HendPe01
Travis Homer,SEA,RB,HomeTr00
Tanner Hudson,NYG,TE,HudsTa00
Patrick Ricard,BAL,FB,RicaPa00
Eric Saubert,DEN,TE,SaubEr00
Tyquan Thornton,NWE,WR,ThorTy00
Michael Bandy,LAC,WR,BandMi00
Brandon Bolden,LVR,RB,BoldBr00
Damiere Byrd,ATL,WR,ByrdDa00
DJ Chark,DET,WR,CharDJ00
James Cook,BUF,RB,CookJa01
O.J. Howard,HOU,TE,HowaO.00
Van Jefferson,LAR,WR,JeffVa00
Joshua Kelley,LAC,RB,KellJo01
Trey McBride,ARI,TE,McBrTr01
Sony Michel,LAC,RB,MichSo00
Dare Ogunbowale,HOU,RB,OgunDa00
Craig Reynolds,DET,RB,ReynCr00
Jamaal Williams,DET,RB,WillJa06
Cedrick Wilson Jr.,MIA,WR,WilsCe01
Matt Breida,NYG,RB,BreiMa00
Ezekiel Elliott,DAL,RB,ElliEz00
Jody Fortson,KAN,TE,FortJo01
Justice Hill,BAL,RB,HillJu00
Tom Kennedy,DET,WR,KennTo01
Breshad Perriman,TAM,WR,PerrBr02
Kyle Philips,TEN,WR,PhilKy01
Rashid Shaheed,NOR,WR,ShahRa00
Geoff Swaim,TEN,TE,SwaiGe00
Kadarius Toney,2TM,WR,ToneKa00
Avery Williams,ATL,RB,WillAv02
Dan Arnold,JAX,TE,ArnoDa00
Raheem Blackshear,CAR,RB,BlacRa00
DeeJay Dallas,SEA,RB,DallDe00
D'Wayne Eskridge,SEA,WR,EskrDW00
Reggie Gilliam,BUF,FB,GillRe00
KJ Hamler,DEN,WR,HamlKJ00
Connor Heyward,PIT,TE,HeywCo00
Trenton Irwin,CIN,WR,IrwiTr00
Tre' McKitty,LAC,TE,McKiTr00
Denzel Mims,NYJ,WR,MimsDe00
Quintin Morris,BUF,TE,MorrQu00
Zack Moss,2TM,RB,MossZa00
Chris Myarick,NYG,FB,MyarCh00
Albert Okwuegbunam,DEN,TE,OkwuAl00
Giovanni Ricci,CAR,FB,RiccGi00
Khalil Shakir,BUF,WR,ShakKh00
Durham Smythe,MIA,TE,SmytDu00
Kyren Williams,LAR,RB,WillKy02
Mike Boone,DEN,RB,BoonMi00
Keelan Cole,LVR,WR,ColeKe00
River Cracraft,MIA,WR,CracRi00
Jamison Crowder,BUF,WR,CrowJa00
J.K. Dobbins,BAL,RB,DobbJK00
Khalil Herbert,CHI,RB,HerbKh00
Parker Hesse,ATL,TE,HessPa00
Justin Jackson,DET,RB,JackJu01
Marcus Johnson,NYG,WR,JohnMa07
Brevin Jordan,HOU,TE,JordBr00
Phillip Lindsay,IND,RB,LindPh00
Dax Milne,WAS,WR,MilnDa00
James Proche,BAL,WR,ProcJa00
MyCole Pruitt,ATL,TE,PruiMy00
Brian Robinson Jr.,WAS,RB,RobiBr01
Cam Sims,WAS,WR,SimsCa00
Mitchell Wilcox,CIN,TE,WilcMi01
Andre Baccellia,ARI,WR,BaccAn00
Dyami Brown,WAS,WR,BrowDy00
Lawrence Cager,2TM,TE,CageLa01
Taysom Hill,NOR,TE,HillTa00
Zander Horvath,LAC,FB,HorvZa00
Chuba Hubbard,CAR,RB,HubbCh01
Ko Kieft,TAM,TE,KiefKo00
Chris Manhertz,JAX,TE,ManhCh00
James Mitchell,DET,TE,MitcJa00
Byron Pringle,CHI,WR,PrinBy00
Jalen Reagor,MIN,WR,ReagJa00
Ronnie Rivers,LAR,RB,RiveRo01
Armani Rogers,WAS,TE,RogeAr00
Steven Sims,PIT,WR,SimsSt00
Jack Stoll,PHI,TE,StolJa00
Trent Taylor,CIN,WR,TaylTr02
Tutu Atwell,LAR,WR,AtweTu00
Cole Beasley,TAM,WR,BeasCo00
Malik Davis,DAL,RB,DaviMa02
Tyler Davis,GNB,TE,DaviTy02
Anthony Firkser,ATL,TE,FirkAn00
D'Onta Foreman,CAR,RB,ForeDO00
Myles Gaskin,MIA,RB,GaskMy00
Kenny Golladay,NYG,WR,GollKe00
N'Keal Harry,CHI,WR,HarrNK00
Jake Kumerow,BUF,WR,KumeJa00
Isiah Pacheco,KAN,RB,PachIs00
Rashaad Penny,SEA,RB,PennRa00
Amari Rodgers,GNB,WR,RodgAm00
Jeff Smith,NYJ,WR,SmitJe03
Samori Toure,GNB,WR,TourSa00
Montrell Washington,DEN,WR,WashMo00
Derek Watt,PIT,FB,WattDe00
Jordan Wilkins,IND,RB,WilkJo01
Darrel Williams,ARI,RB,WillDa10
Andrew Beck,DEN,FB,BeckAn01
Tevin Coleman,SFO,RB,ColeTe01
Ross Dwelley,SFO,TE,DwelRo00
Bryan Edwards,ATL,WR,EdwaBr01
Ben Ellefson,MIN,TE,ElleBe00
Simi Fehoko,DAL,WR,FehoSi00
Ryan Griffin,CHI,TE,GrifRy00
Troy Hairston,HOU,FB,HairTr00
C.J. Ham,MIN,FB,HamxC.00
Hassan Haskins,TEN,RB,HaskHa00
Cody Hollister,TEN,WR,HollCo00
Jesper Horsted,LVR,TE,HorsJe00
DeSean Jackson,BAL,WR,JackDe00
Brandon Johnson,DEN,WR,JohnBr23
D'Ernest Johnson,CLE,RB,JohnDE04
Jakob Johnson,LVR,FB,JohnJa12
Ty Johnson,NYJ,RB,JohnTy02
Velus Jones Jr.,CHI,WR,JoneVe00
Zonovan Knight,NYJ,RB,KnigZo00
Marcedes Lewis,GNB,TE,LewiMa00
Elijah Mitchell,SFO,RB,MitcEl00
Ty Montgomery,NWE,WR,MontTy01
Gunner Olszewski,PIT,WR,OlszGu00
Donald Parham,LAC,TE,ParhDo00
Teagan Quitoriano,HOU,TE,QuitTe00
Anthony Schwartz,CLE,WR,SchwAn00
Boston Scott,PHI,RB,ScotBo02
Isaiah Spiller,LAC,RB,SpilIs00
Mike Strachan,IND,WR,StraMi03
Eric Tomlinson,DEN,TE,TomlEr01
Tylan Wallace,BAL,WR,WallTy00
Cam Akers,LAR,RB,AkerCa00
Kendall Blanton,LAR,TE,BlanKe01
Gary Brightwell,NYG,RB,BrigGa00
Malcolm Brown,LAR,RB,BrowMa03
Spencer Brown,CAR,RB,BrowSp01
Michael Burton,KAN,FB,BurtMi00
Grant Calcaterra,PHI,TE,CalcGr00
Quintez Cephus,DET,WR,CephQu00
Tyrie Cleveland,DEN,WR,ClevTy00
Jaelon Darden,TAM,WR,DardJa00
Mike Davis,BAL,RB,DaviMi01
Trestan Ebner,CHI,RB,EbneTr00
Chris Evans,CIN,RB,EvanCh02
Luke Farrell,JAX,TE,FarrLu00
Jalen Guyton,LAC,WR,GuytJa01
Deonte Harty,NOR,WR,HarrDe07
Justin Herbert,LAC,QB,HerbJu00
Brycen Hopkins,LAR,TE,HopkBr01
Dennis Houston,DAL,WR,HousDe01
Lil'Jordan Humphrey,NWE,WR,HumpLi01
Caleb Huntley,ATL,RB,HuntCa02
Keaontay Ingram,ARI,RB,IngrKe01
Andy Isabella,ARI,WR,IsabAn00
Tim Jones,JAX,WR,JoneTi00
Tony Jones,2TM,RB,JoneTo04
Keith Kirkwood,NOR,WR,KirkKe00
Tyler Kroft,SFO,TE,KrofTy00
Anthony McFarland Jr.,PIT,RB,McFaAn00
Sean McKeon,DAL,TE,McKeSe01
Jalen Nailor,MIN,WR,NailJa00
Dezmon Patmon,IND,WR,PatmDe00
Kyle Rudolph,TAM,TE,RudoKy00
Drew Sample,CIN,TE,SampDr00
Braylon Sanders,MIA,WR,SandBr00
Mason Schreck,HOU,TE,SchrMa00
Stephen Sullivan,CAR,TE,SullSt00
Mike Thomas,CIN,WR,ThomMi04
Jalen Tolbert,DAL,WR,TolbJa00
Cole Turner,WAS,TE,TurnCo00
Nick Vannett,NOR,TE,VannNi00
Trevon Wesco,CHI,TE,WescTr00
Kevin White,NOR,WR,WhitKe00
Michael Woods II,CLE,WR,WoodMi00
Maurice Alexander,DET,WR,AlexMa02
Stephen Anderson,ARI,TE,AndeSt01
Miles Boykin,PIT,WR,BoykMi00
Jalen Camp,HOU,WR,CampJa03
Corey Clement,ARI,RB,ClemCo00
Keke Coutee,IND,WR,CoutKe00
Darrynton Evans,CHI,RB,EvanDa02
Demetric Felton,CLE,RB,FeltDe00
Jake Gervase,LAR,LB,GervJa00
Jared Goff,DET,QB,GoffJa00
Jacob Harris,LAR,WR,HarrJa03
Penny Hart,SEA,WR,HartPe01
David Johnson,NOR,RB,JohnDa08
Tyron Johnson,2TM,WR,JohnTy03
Ronald Jones II,KAN,RB,JoneRo01
Mason Kinsey,TEN,WR,KinsMa00
Marlon Mack,2TM,,MackMa00
Jason Moore,LAC,WR,MoorJa02
Kene Nwangwu,MIN,RB,NwanKe00
Devine Ozigbo,DEN,RB,OzigDe01
Adam Prentice,NOR,FB,PrenAd00
Richard Rodgers,LAC,TE,RodgRi00
Stone Smartt,LAC,TE,SmarSt00
Keith Smith,ATL,FB,SmitKe03
Ihmir Smith-Marsette,CHI,WR,SmitIh00
Benny Snell Jr.,PIT,RB,SnelBe00
Tommy Sweeney,BUF,TE,SweeTo00
J.J. Taylor,NWE,RB,TaylJJ01
KaVontae Turpin,DAL,WR,TurpKa00
Ke'Shawn Vaughn,TAM,RB,VaugKe00
Jalen Virgil,DEN,WR,VirgJa00
Dwayne Washington,NOR,RB,WashDw00
Cody White,PIT,WR,WhitCo05
Maxx Williams,ARI,TE,WillMa04
Trayveon Williams,CIN,RB,WillTr06
Russell Wilson,DEN,QB,WilsRu00
Zach Wilson,NYJ,QB,WilsZa00
Juwann Winfree,GNB,WR,WinfJu00
Bailey Zappe,NWE,QB,ZappBa00
Shane Zylstra,DET,TE,ZylsSh00
Devin Asiasi,CIN,TE,AsiaDe00
David Bakhtiari,GNB,T,BakhDa00
Khari Blasingame,CHI,FB,BlasKh00
Tom Brady,TAM,QB,BradTo00
Jason Cabinda,DET,FB,CabiJa00
Chris Conley,2TM,WR,ConlCh00
Tanner Conner,MIA,TE,ConnTa00
Tyrion Davis-Price,SFO,RB,DaviTy03
Gus Edwards,BAL,RB,EdwaGu00
Miller Forristall,CLE,TE,ForrMi00
Feleipe Franks,ATL,TE,FranFe00
Tanner Gentry,BUF,WR,GentTa00
Josh Gordon,TEN,WR,GordJo02
Danny Gray,SFO,WR,GrayDa02
Lance McCutcheon,LAR,WR,McCuLa01
Stanley Morgan Jr.,CIN,WR,MorgSt02
Jeremy Ruckert,NYJ,TE,RuckJe00
Noah Togiai,PHI,TE,TogiNo00
Jake Tonges,CHI,FB,TongJa00
Charlie Woerner,SFO,TE,WoerCh00